origin,destination,date,airline,from_time,to_time,duration,stops,cabin_class,base_price,fare_1_cabin,fare_1_carry_on,fare_1_checked_bag,fare_1_price,fare_1_seat_selection,fare_2_cabin,fare_2_carry_on,fare_2_checked_bag,fare_2_price,fare_2_seat_selection,fare_3_cabin,fare_3_carry_on,fare_3_checked_bag,fare_3_price,fare_3_seat_selection,fare_4_cabin,fare_4_carry_on,fare_4_checked_bag,fare_4_price,fare_4_seat_selection,provider_1_name,provider_1_price,provider_2_name,provider_2_price,provider_3_name,provider_3_price,provider_4_name,provider_4_price,provider_5_name,provider_5_price,provider_6_name,provider_6_price,provider_7_name,provider_7_price,provider_8_name,provider_8_price,provider_9_name,provider_9_price,provider_10_name,provider_10_price,provider_11_name,provider_11_price,provider_12_name,provider_12_price,provider_13_name,provider_13_price,provider_14_name,provider_14_price
CAI,ICN,2026-05-20,Emirates,8:05 pm,"5:00 pm
+1",14h 55m,1 stop,Eco Saver,594.0,Eco Saver,1 carry-on bag,2 checked bags,594.0,Seat selection for a fee,Eco Flex,1 carry-on bag,2 checked bags,644.0,Seat selection for a fee,Eco Flex Plus,1 carry-on bag,2 checked bags,1091.0,Seat selection for a fee,,,,,,Expedia,594.0,Expedia,594.0,Booking.com,597.0,Kiwi.com,597.0,eDreams,598.0,Priceline,604.0,OneTravel,604.0,CheapOair,604.0,Mytrip,611.0,Gotogate,613.0,,,,,,,,
CAI,ICN,2026-05-20,"Air China, Spring Airlines",2:15 pm,"3:55 pm
+1",19h 40m,2 stops,Economy Cabin,580.0,Economy Cabin,1 carry-on bag,,580.0,,,,,,,,,,,,,,,,,Kiwi.com,580.0,,,,,,,,,,,,,,,,,,,,,,,,,,
CAI,ICN,2026-05-20,Emirates,5:35 pm,"5:00 pm
+1",17h 25m,1 stop,Eco Saver,594.0,Eco Saver,1 carry-on bag,2 checked bags,594.0,Seat selection for a fee,Eco Flex,1 carry-on bag,2 checked bags,644.0,Seat selection for a fee,Eco Flex Plus,1 carry-on bag,2 checked bags,1091.0,Seat selection for a fee,,,,,,Expedia,594.0,Expedia,594.0,Booking.com,597.0,Kiwi.com,597.0,eDreams,598.0,Priceline,604.0,OneTravel,604.0,CheapOair,604.0,Mytrip,611.0,Gotogate,613.0,,,,,,,,
CAI,ICN,2026-05-20,Etihad Airways,3:00 pm,"10:50 am
+1",13h 50m,1 stop,Economy Basic,922.0,Economy Basic,1 carry-on bag,Checked bag: $41,922.0,Seat selection for a fee,Economy Value,1 carry-on bag,,966.0,,Economy Comfort,1 carry-on bag,,1079.0,,,,,,,Gotogate,922.0,Priceline,936.0,OneTravel,936.0,CheapOair,936.0,Expedia,936.0,Booking.com,936.0,eDreams,936.0,Mytrip,936.0,Etihad Airways,936.0,,,,,,,,,,
CAI,ICN,2026-05-20,Qatar Airways,7:50 pm,"5:30 pm
+1",15h 40m,1 stop,Economy Convenience,853.0,Economy Convenience,1 carry-on bag,2 checked bags,853.0,Free seat selection,Economy Classic,1 carry-on bag,2 checked bags,893.0,Seat selection for a fee,Economy Comfort,1 carry-on bag,2 checked bags,1016.0,Free seat selection,,,,,,Qatar Airways,853.0,Priceline,903.0,OneTravel,903.0,Expedia,903.0,,,,,,,,,,,,,,,,,,,,
CAI,ICN,2026-05-25,China Eastern,2:15 pm,"11:55 am
+1",15h 40m,1 stop,Economy Cabin,421.0,Economy Cabin,1 carry-on bag,Checked bag: $194,421.0,,Premium Economy Cabin,1 carry-on bag,2 checked bags,916.0,,,,,,,,,,,,Kiwi.com,421.0,China Eastern,426.0,Mytrip,427.0,Gotogate,436.0,Booking.com,510.0,OneTravel,516.0,CheapOair,516.0,eDreams,516.0,Trip.com,524.0,Jetabroad,535.0,BudgetAir,538.0,Priceline,576.0,,,,
CAI,ICN,2026-05-25,China Eastern,2:15 pm,"3:10 pm
+1",18h 55m,1 stop,Economy Cabin,416.0,Economy Cabin,1 carry-on bag,Checked bag: $194,416.0,,,,,,,,,,,,,,,,,Kiwi.com,416.0,China Eastern,426.0,Mytrip,427.0,Gotogate,436.0,Booking.com,462.0,eDreams,465.0,OneTravel,466.0,CheapOair,466.0,Trip.com,473.0,Jetabroad,482.0,BudgetAir,487.0,Priceline,576.0,,,,
CAI,ICN,2026-05-25,Emirates,8:05 pm,"5:00 pm
+1",14h 55m,1 stop,Eco Saver,594.0,Eco Saver,1 carry-on bag,2 checked bags,594.0,Seat selection for a fee,Eco Flex,1 carry-on bag,2 checked bags,644.0,Seat selection for a fee,Eco Flex Plus,1 carry-on bag,2 checked bags,1091.0,Seat selection for a fee,,,,,,Expedia,594.0,Expedia,594.0,Emirates,594.0,eDreams,595.0,Booking.com,596.0,Kiwi.com,597.0,Trip.com,601.0,Priceline,604.0,OneTravel,604.0,CheapOair,604.0,Mytrip,610.0,BudgetAir,612.0,Gotogate,613.0,Jetabroad,627.0
CAI,ICN,2026-05-25,China Eastern,2:15 pm,"3:20 pm
+1",19h 05m,1 stop,Economy Cabin,421.0,Economy Cabin,1 carry-on bag,Checked bag: $194,421.0,,,,,,,,,,,,,,,,,Kiwi.com,421.0,China Eastern,426.0,Mytrip,427.0,Gotogate,436.0,Booking.com,462.0,OneTravel,466.0,CheapOair,466.0,Trip.com,473.0,Jetabroad,482.0,BudgetAir,487.0,Priceline,576.0,,,,,,
CAI,ICN,2026-05-25,China Eastern,2:15 pm,"5:25 pm
+1",21h 10m,1 stop,Economy Cabin,416.0,Economy Cabin,1 carry-on bag,Checked bag: $194,416.0,,,,,,,,,,,,,,,,,Kiwi.com,416.0,Booking.com,422.0,Mytrip,423.0,eDreams,425.0,OneTravel,426.0,CheapOair,426.0,China Eastern,426.0,Gotogate,432.0,Trip.com,435.0,Jetabroad,441.0,BudgetAir,447.0,Priceline,576.0,Expedia,576.0,,
ICN,CAI,2026-05-20,China Eastern,6:25 pm,"8:45 am
+1",20h 20m,1 stop,Economy Cabin + Premium Economy Cabin,440.0,Economy Cabin + Premium Economy Cabin,1 carry-on bag,2 checked bags,438.0,,Economy Cabin,1 carry-on bag,Checked bag: $194,952.0,,,,,,,,,,,,Mytrip,438.0,Priceline,440.0,China Eastern,440.0,Booking.com,440.0,eDreams,442.0,Gotogate,447.0,,,,,,,,,,,,,,,,
ICN,CAI,2026-05-20,China Eastern,8:15 pm,"8:45 am
+2",42h 30m,2 stops,Economy Cabin,389.0,Economy Cabin,1 carry-on bag,2 checked bags,384.0,,,,,,,,,,,,,,,,,Mytrip,384.0,China Eastern,389.0,Gotogate,392.0,Priceline,1386.0,,,,,,,,,,,,,,,,,,,,
ICN,CAI,2026-05-20,China Eastern,4:20 pm,"8:45 am
+1",22h 25m,1 stop,Economy Cabin + Premium Economy Cabin,440.0,Economy Cabin + Premium Economy Cabin,1 carry-on bag,2 checked bags,438.0,,Economy Cabin,1 carry-on bag,Checked bag: $194,952.0,,,,,,,,,,,,Booking.com,438.0,Priceline,440.0,China Eastern,440.0,Mytrip,440.0,eDreams,442.0,Gotogate,448.0,,,,,,,,,,,,,,,,
ICN,CAI,2026-05-20,Turkish Airlines,10:15 am,8:50 pm,16h 35m,1 stop,Economy Cabin,695.0,Semi-Flexible,1 carry-on bag,2 checked bags,695.0,Seat selection for a fee,Flexible,1 carry-on bag,2 checked bags,1237.0,Seat selection for a fee,Semi-Flexible,1 carry-on bag,2 checked bags,695.0,Seat selection for a fee,Flexible,1 carry-on bag,2 checked bags,1237.0,Seat selection for a fee,Turkish Airlines,695.0,,,,,,,,,,,,,,,,,,,,,,,,,,
ICN,CAI,2026-05-20,China Eastern,4:15 pm,"8:45 am
+1",22h 30m,1 stop,Economy Cabin + Premium Economy Cabin,440.0,Economy Cabin + Premium Economy Cabin,1 carry-on bag,2 checked bags,438.0,,Economy Cabin,1 carry-on bag,Checked bag: $194,952.0,,,,,,,,,,,,Booking.com,438.0,Priceline,440.0,China Eastern,440.0,Mytrip,440.0,eDreams,442.0,Gotogate,448.0,,,,,,,,,,,,,,,,
ICN,CAI,2026-05-25,China Eastern,6:25 pm,"8:45 am
+1",20h 20m,1 stop,Economy Cabin,439.0,Economy Cabin,1 carry-on bag,2 checked bags,439.0,,Economy Cabin + Premium Economy Cabin,1 carry-on bag,2 checked bags,440.0,,,,,,,,,,,,eDreams,439.0,BudgetAir,491.0,,,,,,,,,,,,,,,,,,,,,,,,
ICN,CAI,2026-05-25,"Asiana Airlines, Hainan Airlines",10:05 am,"8:40 am
+1",28h 35m,1 stop,Economy + Economy Cabin,370.0,Economy Saver + Economy Cabin,1 carry-on bag,,358.0,No seat selection,Economy Cabin,1 carry-on bag,1 checked bag,370.0,,Economy Saver + Economy Cabin,1 carry-on bag,,358.0,No seat selection,Economy Cabin,1 carry-on bag,1 checked bag,370.0,,Priceline,358.0,Booking.com,358.0,Mytrip,358.0,Trip.com,361.0,Gotogate,364.0,Kiwi.com,364.0,BudgetAir,372.0,,,,,,,,,,,,,,
ICN,CAI,2026-05-25,China Eastern,4:20 pm,"8:45 am
+1",22h 25m,1 stop,Economy Cabin,439.0,Economy Cabin + Premium Economy Cabin,1 carry-on bag,2 checked bags,437.0,,Economy Cabin,1 carry-on bag,2 checked bags,439.0,,,,,,,,,,,,Booking.com,437.0,Mytrip,437.0,Priceline,440.0,Expedia,440.0,China Eastern,440.0,Jetabroad,445.0,Gotogate,446.0,,,,,,,,,,,,,,
ICN,CAI,2026-05-25,"Korean Air, Hainan Airlines",8:40 am,"8:40 am
+1",30h 00m,1 stop,Economy Cabin,370.0,Economy Cabin,1 carry-on bag,Checked bag: $194,380.0,,Premium Economy Cabin,1 carry-on bag,2 checked bags,425.0,,Economy Cabin + Premium Economy Cabin,1 carry-on bag,2 checked bags,445.0,,,,,,,Kiwi.com,380.0,eDreams,439.0,BudgetAir,465.0,,,,,,,,,,,,,,,,,,,,,,
ICN,CAI,2026-05-25,China Eastern,4:15 pm,"8:45 am
+1",22h 30m,1 stop,Economy Cabin,439.0,Economy Cabin + Premium Economy Cabin,1 carry-on bag,2 checked bags,437.0,,Economy Cabin,1 carry-on bag,2 checked bags,439.0,,,,,,,,,,,,Booking.com,437.0,Mytrip,437.0,Priceline,440.0,China Eastern,440.0,Jetabroad,445.0,Gotogate,446.0,,,,,,,,,,,,,,,,
CAI,PAR,2026-05-20,Egyptair,10:45 am,2:25 pm,4h 40m,nonstop,Economy Cabin,308.0,Economy Cabin,1 carry-on bag,2 checked bags,308.0,,Best Offer,1 carry-on bag,2 checked bags,346.0,Seat selection for a fee,,,,,,,,,,,eDreams,308.0,Booking.com,318.0,Mytrip,339.0,Kiwi.com,345.0,CheapOair,346.0,Gotogate,352.0,,,,,,,,,,,,,,,,
CAI,PAR,2026-05-20,"Nile Air, Ryanair",5:30 pm,"11:45 am
+1",19h 15m,2 stops,Economy Cabin + Basic,169.0,Economy Cabin + Basic,Carry-on bag: $61,Checked bag for a fee,169.0,Seat selection for a fee,,,,,,,,,,,,,,,,Kiwi.com,169.0,,,,,,,,,,,,,,,,,,,,,,,,,,
CAI,PAR,2026-05-20,Transavia France,6:20 pm,10:20 pm,5h 00m,nonstop,Economy,307.0,Economy,Carry-on bag for a fee,Checked bag for a fee,307.0,Seat selection for a fee,,,,,,,,,,,,,,,,Transavia,307.0,Kiwi.com,311.0,eDreams,313.0,Mytrip,314.0,Gotogate,314.0,Booking.com,317.0,Expedia,323.0,CheapOair,327.0,OneTravel,327.0,Priceline,327.0,,,,,,,,
CAI,PAR,2026-05-20,Air France,4:10 am,7:50 am,4h 40m,nonstop,Light,458.0,Light,1 carry-on bag,"1st checked bag: $76
Additional bag: $76",458.0,Seat selection for a fee,Standard,1 carry-on bag,1 checked bag,526.0,Seat selection for a fee,Flex,1 carry-on bag,2 checked bags,616.0,Free seat selection,,,,,,Air France,458.0,,,,,,,,,,,,,,,,,,,,,,,,,,
CAI,PAR,2026-05-20,ITA Airways,5:55 pm,11:40 pm,6h 45m,1 stop,Economy Cabin,326.0,Economy Cabin,1 carry-on bag,1 checked bag,326.0,,Economy Saver,1 carry-on bag,1 checked bag,340.0,Seat selection for a fee,Economy Base,1 carry-on bag,1 checked bag,376.0,Free seat selection,,,,,,Booking.com,326.0,Mytrip,326.0,Kiwi.com,337.0,eDreams,338.0,Gotogate,338.0,CheapOair,361.0,,,,,,,,,,,,,,,,
CAI,PAR,2026-05-25,Transavia France,3:35 pm,7:35 pm,5h 00m,nonstop,Economy,311.0,Economy,Carry-on bag for a fee,Checked bag: $71,311.0,Seat selection for a fee,,,,,,,,,,,,,,,,eDreams,311.0,Transavia,314.0,,,,,,,,,,,,,,,,,,,,,,,,
CAI,PAR,2026-05-25,Ajet,2:40 am,11:35 am,9h 55m,1 stop,Economy Cabin,303.0,Economy Cabin + Light + Basic,Carry-on bag: $83,Checked bag: $84,190.0,Seat selection for a fee,,,,,,,,,,,,,,,,Kiwi.com,190.0,,,,,,,,,,,,,,,,,,,,,,,,,,
CAI,PAR,2026-05-25,Egyptair,10:45 am,2:25 pm,4h 40m,nonstop,Economy Cabin,411.0,Economy Cabin,1 carry-on bag,2 checked bags,411.0,,Good Deal,1 carry-on bag,2 checked bags,465.0,Seat selection for a fee,Fully Flex,1 carry-on bag,2 checked bags,648.0,Free seat selection,,,,,,eDreams,411.0,Trip.com,417.0,Mytrip,421.0,Gotogate,425.0,Booking.com,431.0,BudgetAir,431.0,Kiwi.com,436.0,CheapOair,465.0,,,,,,,,,,,,
CAI,PAR,2026-05-25,Air France,4:10 am,7:50 am,4h 40m,nonstop,Light,458.0,Light,1 carry-on bag,"1st checked bag: $76
Additional bag: $76",458.0,Seat selection for a fee,Standard,1 carry-on bag,1 checked bag,526.0,Seat selection for a fee,Flex,1 carry-on bag,2 checked bags,616.0,Free seat selection,,,,,,Air France,458.0,,,,,,,,,,,,,,,,,,,,,,,,,,
CAI,PAR,2026-05-25,ITA Airways,4:45 am,10:45 am,7h 00m,1 stop,Economy Cabin,314.0,Economy Cabin,1 carry-on bag,1 checked bag,314.0,,Economy Saver,1 carry-on bag,1 checked bag,340.0,Seat selection for a fee,Economy Base,1 carry-on bag,1 checked bag,376.0,Free seat selection,,,,,,eDreams,314.0,Mytrip,325.0,Booking.com,326.0,Gotogate,337.0,Kiwi.com,337.0,Trip.com,358.0,CheapOair,361.0,BudgetAir,373.0,,,,,,,,,,,,
PAR,CAI,2026-05-20,Egyptair,4:00 pm,9:20 pm,4h 20m,nonstop,Economy Cabin,461.0,Economy Cabin,1 carry-on bag,2 checked bags,461.0,,Best Offer,1 carry-on bag,2 checked bags,498.0,Seat selection for a fee,,,,,,,,,,,Booking.com,461.0,eDreams,462.0,Mytrip,467.0,Gotogate,474.0,Kiwi.com,496.0,CheapOair,498.0,,,,,,,,,,,,,,,,
PAR,CAI,2026-05-20,"easyJet, Air Cairo",7:15 am,"7:00 am
+1",22h 45m,1 stop,Light + Economy Cabin,259.0,Light + Economy Cabin,Carry-on bag: $98,Checked bag: $78,259.0,Seat selection for a fee,,,,,,,,,,,,,,,,Kiwi.com,259.0,,,,,,,,,,,,,,,,,,,,,,,,,,
PAR,CAI,2026-05-20,Air France,8:50 pm,"2:10 am
+1",4h 20m,nonstop,Light,1194.0,Light,1 carry-on bag,"1st checked bag: $76
Additional bag: $76",1194.0,Seat selection for a fee,Standard,1 carry-on bag,1 checked bag,1273.0,Seat selection for a fee,Flex,1 carry-on bag,1 checked bag,1378.0,Free seat selection,,,,,,Air France,1194.0,,,,,,,,,,,,,,,,,,,,,,,,,,
PAR,CAI,2026-05-20,SWISS,9:45 am,5:15 pm,6h 30m,1 stop,Economy Light,450.0,Economy Light,1 carry-on bag,Checked bag for a fee,450.0,Seat selection for a fee,Economy Basic,1 carry-on bag,,461.0,Seat selection for a fee,Economy Cabin,1 carry-on bag,1 checked bag,621.0,,,,,,,Expedia,450.0,SWISS,451.0,,,,,,,,,,,,,,,,,,,,,,,,
PAR,CAI,2026-05-20,ITA Airways,6:15 pm,"2:15 am
+1",7h 00m,1 stop,Economy Light,440.0,Economy Light,1 carry-on bag,Checked bag for a fee,440.0,Seat selection for a fee,Economy Saver,1 carry-on bag,1 checked bag,467.0,Seat selection for a fee,Economy Base,1 carry-on bag,1 checked bag,525.0,Free seat selection,,,,,,ITA Airways,440.0,Booking.com,449.0,Mytrip,482.0,Gotogate,486.0,eDreams,487.0,Priceline,597.0,,,,,,,,,,,,,,,,
PAR,CAI,2026-05-25,Transavia France,9:00 am,2:40 pm,4h 40m,nonstop,Economy,470.0,Economy,Carry-on bag for a fee,Checked bag for a fee,470.0,Seat selection for a fee,,,,,,,,,,,,,,,,Transavia,470.0,Kiwi.com,474.0,eDreams,477.0,CheapOair,489.0,BudgetAir,493.0,Priceline,496.0,,,,,,,,,,,,,,,,
PAR,CAI,2026-05-25,Multiple airlines,9:15 am,"4:25 pm
+1",30h 10m,2 stops,Economy Cabin,188.0,Basic + Economy Cabin,Carry-on bag: $76,Checked bag: $96,188.0,No seat selection,,,,,,,,,,,,,,,,Kiwi.com,188.0,,,,,,,,,,,,,,,,,,,,,,,,,,
PAR,CAI,2026-05-25,Egyptair,4:00 pm,9:20 pm,4h 20m,nonstop,Economy Cabin,517.0,Economy Cabin,1 carry-on bag,1 checked bag,517.0,,Good Deal,1 carry-on bag,2 checked bags,636.0,Seat selection for a fee,Fully Flex,1 carry-on bag,2 checked bags,874.0,Free seat selection,,,,,,Kiwi.com,517.0,Booking.com,586.0,eDreams,586.0,BudgetAir,595.0,CheapOair,636.0,,,,,,,,,,,,,,,,,,
PAR,CAI,2026-05-25,Austrian Airlines,7:05 am,3:45 pm,7h 40m,1 stop,Economy Cabin,329.0,Economy Cabin,1 carry-on bag,1 checked bag,322.0,,,,,,,,,,,,,,,,,Booking.com,322.0,Kiwi.com,334.0,Priceline,342.0,OneTravel,342.0,CheapOair,342.0,Expedia,342.0,BudgetAir,352.0,,,,,,,,,,,,,,
PAR,CAI,2026-05-25,Lufthansa,6:45 pm,"3:05 am
+1",7h 20m,1 stop,Economy Cabin,330.0,Economy Light,1 carry-on bag,Checked bag for a fee,329.0,Seat selection for a fee,Economy Saver,1 carry-on bag,1 checked bag,390.0,Seat selection for a fee,Economy Basic,1 carry-on bag,1 checked bag,467.0,Seat selection for a fee,,,,,,eDreams,329.0,Expedia,331.0,Austrian Airlines,331.0,BudgetAir,360.0,Booking.com,410.0,CheapOair,416.0,,,,,,,,,,,,,,,,
