origin,destination,date,day_of_week,flight_name,airplane_name,from_time,to_time,stops,duration,cabin,price,tax,total_cost,budget_level,affordability_score,is_outlier
CAI,LXR,2026-05-05,Tuesday,Air Cairo,,5:15 pm,6:55 pm,nonstop,1h 40m,Economy Cabin,114.0,17.099999999999998,131.1,Low (< $200),7.627765064836003,False
CAI,LXR,2026-05-05,Tuesday,Egyptair,,7:25 pm,8:30 pm,nonstop,1h 05m,Economy Cabin,222.0,33.3,255.3,Medium ($200-500),3.916960438699569,False
CAI,LXR,2026-05-05,Tuesday,Egyptair,,1:55 pm,2:55 pm,nonstop,1h 00m,Economy Cabin,231.0,34.65,265.65,Medium ($200-500),3.7643515904385474,False
LXR,CAI,2026-05-05,Tuesday,Egyptair,,9:10 pm,10:20 pm,nonstop,1h 10m,Economy Cabin,221.0,33.15,254.15,Medium ($200-500),3.934684241589612,False
CAI,SSH,2026-05-05,Tuesday,Air Cairo,,10:20 pm,11:50 pm,nonstop,1h 30m,Economy Cabin,84.0,12.6,96.6,Low (< $200),10.351966873706004,False
CAI,SSH,2026-05-05,Tuesday,Air Cairo,,4:15 pm,5:15 pm,nonstop,1h 00m,Economy Cabin,104.0,15.6,119.6,Low (< $200),8.361204013377927,False
CAI,SSH,2026-05-05,Tuesday,Egyptair,,8:50 pm,9:50 pm,nonstop,1h 00m,Economy Cabin,186.0,27.9,213.9,Medium ($200-500),4.675081813931744,False
CAI,SSH,2026-05-05,Tuesday,Air Cairo,,11:30 am,12:30 pm,nonstop,1h 00m,Economy Cabin,112.0,16.8,128.8,Low (< $200),7.763975155279502,False
CAI,SSH,2026-05-05,Tuesday,Air Cairo,,12:30 pm,2:00 pm,nonstop,1h 30m,Economy Cabin,112.0,16.8,128.8,Low (< $200),7.763975155279502,False
SSH,CAI,2026-05-05,Tuesday,Air Cairo,,11:00 pm,"12:00 am
+1",nonstop,1h 00m,Economy Cabin,86.0,12.9,98.9,Low (< $200),10.111223458038422,False
SSH,CAI,2026-05-05,Tuesday,Air Cairo,,6:15 pm,7:15 pm,nonstop,1h 00m,Economy Cabin,104.0,15.6,119.6,Low (< $200),8.361204013377927,False
SSH,CAI,2026-05-05,Tuesday,Egyptair,,10:30 pm,11:30 pm,nonstop,1h 00m,Economy Cabin,188.0,28.2,216.2,Medium ($200-500),4.6253469010175765,False
SSH,CAI,2026-05-05,Tuesday,Air Cairo,,1:30 pm,2:30 pm,nonstop,1h 00m,Economy Cabin,112.0,16.8,128.8,Low (< $200),7.763975155279502,False
SSH,CAI,2026-05-05,Tuesday,Air Cairo,,2:45 pm,4:15 pm,nonstop,1h 30m,Economy Cabin,112.0,16.8,128.8,Low (< $200),7.763975155279502,False
SSH,CAI,2026-05-05,Tuesday,Egyptair,,12:40 pm,1:40 pm,nonstop,1h 00m,Fully Flex,215.0,32.25,247.25,Medium ($200-500),4.044489383215369,False
CAI,MIL,2026-05-05,Tuesday,Egyptair,,1:50 pm,4:50 pm,nonstop,4h 00m,Economy Cabin,271.0,40.65,311.65,Medium ($200-500),3.208727739451308,False
CAI,MIL,2026-05-05,Tuesday,"Air Cairo, Wizz Air",,10:20 pm,"1:35 am
+2",1 stop,28h 15m,Economy Cabin + Basic,213.0,31.95,244.95,Medium ($200-500),4.082465809348847,False
CAI,MIL,2026-05-05,Tuesday,ITA Airways,,5:55 pm,11:10 pm,1 stop,6h 15m,Economy Cabin,383.0,57.449999999999996,440.45,Medium ($200-500),2.2704052673402204,False
CAI,MIL,2026-05-05,Tuesday,SWISS,,6:10 pm,11:40 pm,1 stop,6h 30m,Economy Basic,384.0,57.599999999999994,441.6,Medium ($200-500),2.2644927536231885,False
CAI,MIL,2026-05-05,Tuesday,Lufthansa,,4:20 pm,11:10 pm,1 stop,7h 50m,Economy Basic,385.0,57.75,442.75,Medium ($200-500),2.258610954263128,False
CAI,MIL,2026-05-05,Tuesday,"Lufthansa, Air Dolomiti",,4:20 pm,11:10 pm,1 stop,7h 50m,Economy Basic + Economy,433.0,64.95,497.95,Medium ($200-500),2.008233758409479,False
CAI,MIL,2026-05-05,Tuesday,"Egyptair, SWISS",,6:10 pm,11:40 pm,1 stop,6h 30m,Best Offer + Economy Flex,2762.0,414.3,3176.3,High (> $500),0.3148317224443535,True
CAI,MIL,2026-05-05,Tuesday,Etihad Airways,,7:45 pm,"6:45 am
+1",1 stop,12h 00m,Economy Basic,1867.0,280.05,2147.05,High (> $500),0.46575533872057007,True
CAI,MIL,2026-05-05,Tuesday,Turkish Airlines,,10:15 pm,"8:40 am
+1",1 stop,11h 25m,Promotion,372.0,55.8,427.8,Medium ($200-500),2.337540906965872,False
CAI,MIL,2026-05-05,Tuesday,"Egyptair, easyJet",,4:35 pm,"1:05 am
+1",1 stop,9h 30m,Economy Cabin + Light,451.0,67.64999999999999,518.65,High (> $500),1.9280825219319389,False
CAI,MIL,2026-05-05,Tuesday,ITA Airways,,5:55 pm,"7:40 am
+1",1 stop,14h 45m,Economy Cabin,406.0,60.9,466.9,Medium ($200-500),2.141786249732277,False
CAI,MIL,2026-05-05,Tuesday,Qatar Airways,,7:50 pm,"7:55 am
+1",1 stop,13h 05m,Economy Classic,630.0,94.5,724.5,High (> $500),1.3802622498274673,False
CAI,MIL,2026-05-05,Tuesday,ITA Airways,,5:55 pm,"8:10 am
+1",1 stop,15h 15m,Economy Cabin,406.0,60.9,466.9,Medium ($200-500),2.141786249732277,False
CAI,MIL,2026-05-05,Tuesday,Turkish Airlines,,9:45 pm,"8:40 am
+1",1 stop,11h 55m,Promotion,487.0,73.05,560.05,High (> $500),1.7855548611731098,False
CAI,MIL,2026-05-05,Tuesday,Turkish Airlines,,10:40 am,5:45 pm,1 stop,8h 05m,Flexible,1448.0,217.2,1665.2,High (> $500),0.6005284650492433,True
CAI,MIL,2026-05-05,Tuesday,Etihad Airways,,7:45 pm,"1:48 pm
+1",2 stops,19h 03m,Economy Basic,877.0,131.54999999999998,1008.55,High (> $500),0.9915224827722969,False
CAI,MIL,2026-05-05,Tuesday,Turkish Airlines,,3:15 pm,11:45 pm,1 stop,9h 30m,Flexible,812.0,121.8,933.8,High (> $500),1.0708931248661384,False
CAI,MIL,2026-05-05,Tuesday,"Turkish Airlines, Lufthansa",,10:15 pm,"8:05 am
+1",2 stops,10h 50m,Promotion + Economy Basic,449.0,67.35,516.35,High (> $500),1.9366708627868694,False
CAI,MIL,2026-05-05,Tuesday,Multiple airlines,,10:15 pm,"8:05 am
+1",2 stops,10h 50m,Promotion + Economy Basic + Economy,449.0,67.35,516.35,High (> $500),1.9366708627868694,False
CAI,MIL,2026-05-05,Tuesday,Multiple airlines,,9:45 pm,"8:05 am
+1",2 stops,11h 20m,Promotion + Economy Basic + Economy,449.0,67.35,516.35,High (> $500),1.9366708627868694,False
CAI,MIL,2026-05-05,Tuesday,"Turkish Airlines, Lufthansa",,9:45 pm,"8:05 am
+1",2 stops,11h 20m,Promotion + Economy Basic,449.0,67.35,516.35,High (> $500),1.9366708627868694,False
CAI,MIL,2026-05-05,Tuesday,Multiple airlines,,4:35 pm,"12:55 am
+1",2 stops,9h 20m,Economy Cabin + Basic,570.0,85.5,655.5,High (> $500),1.5255530129672006,False
CAI,MIL,2026-05-05,Tuesday,"Turkish Airlines, Lufthansa",,10:15 pm,"9:10 am
+1",2 stops,11h 55m,Promotion + Economy Basic,449.0,67.35,516.35,High (> $500),1.9366708627868694,False
CAI,MIL,2026-05-05,Tuesday,"Turkish Airlines, Lufthansa",,9:45 pm,"9:10 am
+1",2 stops,12h 25m,Promotion + Economy Basic,449.0,67.35,516.35,High (> $500),1.9366708627868694,False
CAI,MIL,2026-05-05,Tuesday,"Turkish Airlines, Lufthansa",,10:15 pm,"10:35 am
+1",2 stops,13h 20m,Basic Economy + Economy Basic,461.0,69.14999999999999,530.15,High (> $500),1.8862586060548903,False
CAI,MIL,2026-05-05,Tuesday,Multiple airlines,,4:35 pm,"6:50 am
+1",3 stops,15h 15m,Economy Cabin + Basic,505.0,75.75,580.75,High (> $500),1.7219113215669393,False
CAI,MIL,2026-05-05,Tuesday,"Turkish Airlines, Lufthansa",,9:45 pm,"10:35 am
+1",2 stops,13h 50m,Basic Economy + Economy Basic,461.0,69.14999999999999,530.15,High (> $500),1.8862586060548903,False
CAI,MIL,2026-05-05,Tuesday,"Air Cairo, Ajet",,8:45 pm,"11:45 am
+1",2 stops,16h 00m,Economy Cabin,384.0,57.599999999999994,441.6,Medium ($200-500),2.2644927536231885,False
CAI,MIL,2026-05-05,Tuesday,"Turkish Airlines, Lufthansa",,10:15 pm,"10:40 am
+1",2 stops,13h 25m,Promotion + Economy Basic,449.0,67.35,516.35,High (> $500),1.9366708627868694,False
CAI,MIL,2026-05-05,Tuesday,"Air Cairo, Ajet",,10:20 pm,"11:45 am
+1",2 stops,14h 25m,Economy Cabin,404.0,60.599999999999994,464.6,Medium ($200-500),2.152389151958674,False
CAI,MIL,2026-05-05,Tuesday,"Turkish Airlines, Lufthansa",,9:45 pm,"10:40 am
+1",2 stops,13h 55m,Promotion + Economy Basic,449.0,67.35,516.35,High (> $500),1.9366708627868694,False
CAI,MIL,2026-05-05,Tuesday,"Air Cairo, Ajet",,8:50 pm,"11:45 am
+1",2 stops,15h 55m,Economy Cabin,400.0,60.0,460.0,Medium ($200-500),2.1739130434782608,False
CAI,MIL,2026-05-05,Tuesday,"Turkish Airlines, Lufthansa",,10:15 pm,"12:15 pm
+1",2 stops,15h 00m,Promotion + Economy Basic,449.0,67.35,516.35,High (> $500),1.9366708627868694,False
CAI,MIL,2026-05-05,Tuesday,Multiple airlines,,10:15 pm,"12:15 pm
+1",2 stops,15h 00m,Promotion + Economy Basic + Economy,449.0,67.35,516.35,High (> $500),1.9366708627868694,False
CAI,MIL,2026-05-05,Tuesday,"Turkish Airlines, Lufthansa",,9:45 pm,"12:15 pm
+1",2 stops,15h 30m,Promotion + Economy Basic,449.0,67.35,516.35,High (> $500),1.9366708627868694,False
CAI,MIL,2026-05-05,Tuesday,Multiple airlines,,9:45 pm,"12:15 pm
+1",2 stops,15h 30m,Promotion + Economy Basic + Economy,449.0,67.35,516.35,High (> $500),1.9366708627868694,False
CAI,MIL,2026-05-05,Tuesday,"Lufthansa, Ryanair",,4:20 pm,"7:10 am
+1",2 stops,15h 50m,Economy Basic + Basic,449.0,67.35,516.35,High (> $500),1.9366708627868694,False
CAI,MIL,2026-05-05,Tuesday,"Turkish Airlines, Lufthansa",,10:15 pm,"1:00 pm
+1",2 stops,15h 45m,Economy Cabin + Economy Basic,450.0,67.5,517.5,High (> $500),1.932367149758454,False
CAI,MIL,2026-05-05,Tuesday,Turkish Airlines,,10:40 am,11:45 pm,1 stop,14h 05m,Flexible,1448.0,217.2,1665.2,High (> $500),0.6005284650492433,True
CAI,MIL,2026-05-05,Tuesday,Multiple airlines,,10:15 pm,"8:05 am
+1",2 stops,10h 50m,Economy Cabin + Economy Basic + Economy,2190.0,328.5,2518.5,High (> $500),0.3970617431010522,True
CAI,MIL,2026-05-05,Tuesday,"Egyptair, Lufthansa",,10:15 pm,"8:05 am
+1",2 stops,10h 50m,Economy Cabin + Economy Basic,2190.0,328.5,2518.5,High (> $500),0.3970617431010522,True
CAI,MIL,2026-05-05,Tuesday,"Egyptair, Lufthansa",,9:45 pm,"8:05 am
+1",2 stops,11h 20m,Economy Cabin + Economy Basic,2191.0,328.65,2519.65,High (> $500),0.396880519119719,True
CAI,MIL,2026-05-05,Tuesday,Multiple airlines,,9:45 pm,"8:05 am
+1",2 stops,11h 20m,Economy Cabin + Economy Basic + Economy,2191.0,328.65,2519.65,High (> $500),0.396880519119719,True
CAI,MIL,2026-05-05,Tuesday,"Egyptair, Lufthansa",,10:15 pm,"9:10 am
+1",2 stops,11h 55m,Economy Cabin + Economy Basic,2175.0,326.25,2501.25,High (> $500),0.39980009995002497,True
CAI,MIL,2026-05-05,Tuesday,Multiple airlines,,10:15 pm,"10:40 am
+1",2 stops,13h 25m,Promotion + Economy Basic + Economy Cabin,1766.0,264.9,2030.9,High (> $500),0.4923925353291644,True
CAI,MIL,2026-05-05,Tuesday,Multiple airlines,,10:15 pm,"12:00 pm
+1",2 stops,14h 45m,Promotion + Economy Basic + Economy,1043.0,156.45,1199.45,High (> $500),0.8337154529159198,True
CAI,MIL,2026-05-05,Tuesday,"Turkish Airlines, Lufthansa",,10:15 pm,"12:00 pm
+1",2 stops,14h 45m,Economy Cabin + Economy Basic,1043.0,156.45,1199.45,High (> $500),0.8337154529159198,True
CAI,MIL,2026-05-05,Tuesday,Multiple airlines,,9:45 pm,"10:40 am
+1",2 stops,13h 55m,Promotion + Economy Basic + Economy Cabin,1766.0,264.9,2030.9,High (> $500),0.4923925353291644,True
CAI,MIL,2026-05-05,Tuesday,Multiple airlines,,9:45 pm,"12:00 pm
+1",2 stops,15h 15m,Promotion + Economy Basic + Economy,1043.0,156.45,1199.45,High (> $500),0.8337154529159198,True
CAI,MIL,2026-05-05,Tuesday,"Turkish Airlines, Lufthansa",,9:45 pm,"12:00 pm
+1",2 stops,15h 15m,Economy Cabin + Economy Basic,1043.0,156.45,1199.45,High (> $500),0.8337154529159198,True
MIL,CAI,2026-05-05,Tuesday,Air Cairo,,6:00 pm,10:45 pm,nonstop,3h 45m,Economy Cabin,133.0,19.95,152.95,Low (< $200),6.538084341288003,False
MIL,CAI,2026-05-05,Tuesday,Egyptair,,5:50 pm,10:30 pm,nonstop,3h 40m,Economy Cabin,229.0,34.35,263.35,Medium ($200-500),3.7972280235428135,False
MIL,CAI,2026-05-05,Tuesday,Egyptair,,2:30 pm,7:10 pm,nonstop,3h 40m,Economy Cabin,265.0,39.75,304.75,Medium ($200-500),3.281378178835111,False
MIL,CAI,2026-05-05,Tuesday,Air Cairo,,5:50 pm,10:30 pm,nonstop,3h 40m,Economy Cabin,470.0,70.5,540.5,High (> $500),1.8501387604070305,False
MIL,CAI,2026-05-05,Tuesday,Air Cairo,,2:30 pm,7:10 pm,nonstop,3h 40m,Economy Cabin,534.0,80.1,614.1,High (> $500),1.6283992835043153,False
MIL,CAI,2026-05-05,Tuesday,ITA Airways,,7:00 pm,"2:15 am
+1",1 stop,6h 15m,Economy Cabin,253.0,37.949999999999996,290.95,Medium ($200-500),3.4370166695308475,False
MIL,CAI,2026-05-05,Tuesday,Turkish Airlines,,7:45 pm,"4:20 am
+1",1 stop,7h 35m,Promotion,248.0,37.199999999999996,285.2,Medium ($200-500),3.506311360448808,False
MIL,CAI,2026-05-05,Tuesday,ITA Airways,,6:00 pm,"2:15 am
+1",1 stop,7h 15m,Economy Cabin,253.0,37.949999999999996,290.95,Medium ($200-500),3.4370166695308475,False
MIL,CAI,2026-05-05,Tuesday,Turkish Airlines,,2:55 pm,11:45 pm,1 stop,7h 50m,Promotion,249.0,37.35,286.35,Medium ($200-500),3.4922297887200977,False
MIL,CAI,2026-05-05,Tuesday,Aegean Airlines,,7:25 pm,"2:50 am
+1",1 stop,6h 25m,Economy Cabin,309.0,46.35,355.35,Medium ($200-500),2.814126917123962,False
MIL,CAI,2026-05-05,Tuesday,ITA Airways,,5:00 pm,"2:15 am
+1",1 stop,8h 15m,Economy Cabin,253.0,37.949999999999996,290.95,Medium ($200-500),3.4370166695308475,False
MIL,CAI,2026-05-05,Tuesday,LOT,,7:40 pm,"3:55 am
+1",1 stop,7h 15m,Economy Saver,379.0,56.85,435.85,Medium ($200-500),2.2943673282092463,False
MIL,CAI,2026-05-05,Tuesday,ITA Airways,,4:00 pm,"2:15 am
+1",1 stop,9h 15m,Economy Cabin,269.0,40.35,309.35,Medium ($200-500),3.232584451268789,False
MIL,CAI,2026-05-05,Tuesday,ITA Airways,,3:00 pm,"2:15 am
+1",1 stop,10h 15m,Economy Cabin,269.0,40.35,309.35,Medium ($200-500),3.232584451268789,False
MIL,CAI,2026-05-05,Tuesday,"easyJet, Aegean Airlines",,7:05 pm,"2:50 am
+1",1 stop,6h 45m,Light + Economy Cabin,296.0,44.4,340.4,Medium ($200-500),2.937720329024677,False
MIL,CAI,2026-05-05,Tuesday,"easyJet, Air Cairo",,3:30 pm,11:40 pm,1 stop,7h 10m,Light + Economy Cabin,354.0,53.1,407.1,Medium ($200-500),2.4563989191844753,False
MIL,CAI,2026-05-05,Tuesday,Lufthansa,,7:20 pm,"3:05 am
+1",1 stop,6h 45m,Economy Light,946.0,141.9,1087.9,High (> $500),0.9192021325489474,False
MIL,CAI,2026-05-05,Tuesday,"Nouvelair, Tunisair",,6:50 pm,"3:05 am
+1",1 stop,7h 15m,Economy Cabin,325.0,48.75,373.75,Medium ($200-500),2.6755852842809364,False
MIL,CAI,2026-05-05,Tuesday,"easyJet, Air Cairo",,3:30 pm,"12:30 am
+1",1 stop,8h 00m,Light + Economy Cabin,328.0,49.199999999999996,377.2,Medium ($200-500),2.651113467656416,False
MIL,CAI,2026-05-05,Tuesday,Turkish Airlines,,7:45 pm,"9:05 am
+1",1 stop,12h 20m,Promotion,250.0,37.5,287.5,Medium ($200-500),3.4782608695652173,False
MIL,CAI,2026-05-05,Tuesday,"Air Dolomiti, Lufthansa",,7:20 pm,"3:05 am
+1",1 stop,6h 45m,Economy + Economy Basic,1021.0,153.15,1174.15,High (> $500),0.8516799386790443,True
MIL,CAI,2026-05-05,Tuesday,Lufthansa,,1:40 pm,8:35 pm,1 stop,5h 55m,Economy Basic,1137.0,170.54999999999998,1307.55,High (> $500),0.7647891094030821,True
MIL,CAI,2026-05-05,Tuesday,Etihad Airways,,10:55 pm,"1:10 pm
+1",1 stop,13h 15m,Economy Basic,440.0,66.0,506.0,High (> $500),1.976284584980237,False
MIL,CAI,2026-05-05,Tuesday,Turkish Airlines,,7:45 pm,"6:10 am
+1",1 stop,9h 25m,Promotion,406.0,60.9,466.9,Medium ($200-500),2.141786249732277,False
MIL,CAI,2026-05-05,Tuesday,Turkish Airlines,,10:40 am,11:45 pm,1 stop,12h 05m,Promotion,255.0,38.25,293.25,Medium ($200-500),3.4100596760443307,False
MIL,CAI,2026-05-05,Tuesday,Lufthansa,,6:50 pm,"3:05 am
+1",1 stop,7h 15m,Economy Light,943.0,141.45,1084.45,High (> $500),0.9221264235326663,False
MIL,CAI,2026-05-05,Tuesday,Lufthansa,,12:40 pm,8:30 pm,1 stop,6h 50m,Economy Basic,988.0,148.2,1136.2,High (> $500),0.880126738250308,False
MIL,CAI,2026-05-05,Tuesday,ITA Airways,,1:00 pm,"2:15 am
+1",1 stop,12h 15m,Economy Saver,295.0,44.25,339.25,Medium ($200-500),2.9476787030213707,False
MIL,CAI,2026-05-05,Tuesday,Turkish Airlines,,2:55 pm,"4:20 am
+1",1 stop,12h 25m,Promotion,250.0,37.5,287.5,Medium ($200-500),3.4782608695652173,False
MIL,CAI,2026-05-05,Tuesday,Lufthansa,,6:10 pm,"3:05 am
+1",1 stop,7h 55m,Economy Light,947.0,142.04999999999998,1089.05,High (> $500),0.9182314861576604,False
MIL,CAI,2026-05-05,Tuesday,Royal Air Maroc,,6:05 pm,"8:30 am
+1",1 stop,13h 25m,Economy Cabin,458.0,68.7,526.7,High (> $500),1.8986140117714068,False
MIL,CAI,2026-05-05,Tuesday,British Airways,,3:55 pm,"1:15 am
+1",1 stop,8h 20m,Standard Economy,953.0,142.95,1095.95,High (> $500),0.9124503855102878,False
MIL,CAI,2026-05-05,Tuesday,"easyJet, Aegean Airlines",,12:20 pm,"2:50 am
+1",1 stop,13h 30m,Light + Economy Cabin,292.0,43.8,335.8,Medium ($200-500),2.9779630732578917,False
MIL,CAI,2026-05-05,Tuesday,Ajet,,12:45 pm,11:30 pm,1 stop,9h 45m,Economy Cabin,354.0,53.1,407.1,Medium ($200-500),2.4563989191844753,False
MIL,CAI,2026-05-05,Tuesday,Turkish Airlines,,10:40 am,8:55 pm,1 stop,9h 15m,Semi-Flexible,632.0,94.8,726.8,High (> $500),1.375894331315355,False
MIL,CAI,2026-05-05,Tuesday,Tunisair,,11:30 am,"3:05 am
+1",1 stop,14h 35m,Economy Cabin,422.0,63.3,485.3,Medium ($200-500),2.06058108386565,False
MIL,CAI,2026-05-05,Tuesday,"Lufthansa, Aegean Airlines",,5:40 pm,"2:50 am
+1",2 stops,8h 10m,Economy Basic + Economy Cabin,532.0,79.8,611.8,High (> $500),1.6345210853220007,False
MIL,CAI,2026-05-05,Tuesday,Aegean Airlines,,10:15 am,9:30 pm,1 stop,10h 15m,Economy Cabin,774.0,116.1,890.1,High (> $500),1.1234692731153804,False
MIL,CAI,2026-05-05,Tuesday,Eurowings,,8:40 pm,"11:35 am
+1",1 stop,13h 55m,Basic,482.0,72.3,554.3,High (> $500),1.804077214504781,False
MIL,CAI,2026-05-05,Tuesday,Turkish Airlines,,2:55 pm,"6:10 am
+1",1 stop,14h 15m,Promotion,408.0,61.199999999999996,469.2,Medium ($200-500),2.131287297527707,False
MIL,CAI,2026-05-05,Tuesday,Royal Jordanian,,4:35 pm,"7:50 am
+1",2 stops,14h 15m,Economy Cabin,427.0,64.05,491.05,Medium ($200-500),2.0364524997454434,False
MIL,CAI,2026-05-05,Tuesday,"Ryanair, Aegean Airlines",,5:10 pm,"2:50 am
+1",2 stops,8h 40m,Basic + Economy Cabin,403.0,60.449999999999996,463.45,Medium ($200-500),2.157730067968497,False
MIL,CAI,2026-05-05,Tuesday,Multiple airlines,,5:10 pm,"2:50 am
+1",2 stops,8h 40m,Basic + Economy Cabin,399.0,59.849999999999994,458.85,Medium ($200-500),2.1793614470960008,False
MIL,CAI,2026-05-05,Tuesday,"Vueling, Aegean Airlines",,2:25 pm,"2:50 am
+1",2 stops,11h 25m,Economy + Economy Cabin,632.0,94.8,726.8,High (> $500),1.375894331315355,False
MIL,CAI,2026-05-05,Tuesday,"Lufthansa, Aegean Airlines",,3:20 pm,"2:50 am
+1",2 stops,10h 30m,Economy Basic + Economy Cabin,541.0,81.14999999999999,622.15,High (> $500),1.6073294221650727,False
MIL,CAI,2026-05-05,Tuesday,"Pegasus Airlines, Air Cairo",,5:15 pm,"8:40 am
+1",1 stop,14h 25m,Light + Economy Cabin,519.0,77.85,596.85,High (> $500),1.6754628466113763,False
MIL,CAI,2026-05-05,Tuesday,Multiple airlines,,5:35 pm,"8:40 am
+1",2 stops,14h 05m,SunLight + Economy Cabin,297.0,44.55,341.55,Medium ($200-500),2.9278290147855364,False
MIL,CAI,2026-05-05,Tuesday,Multiple airlines,,5:15 pm,"7:00 am
+1",2 stops,12h 45m,Light + Economy Cabin,579.0,86.85,665.85,High (> $500),1.5018397536982804,False
MIL,CAI,2026-05-05,Tuesday,"Air Dolomiti, Lufthansa",,2:40 pm,"2:15 am
+1",2 stops,10h 35m,Economy + Economy Basic,756.0,113.39999999999999,869.4,High (> $500),1.1502185415228894,False
MIL,CAI,2026-05-05,Tuesday,Lufthansa,,2:40 pm,"2:15 am
+1",2 stops,10h 35m,Economy Basic,756.0,113.39999999999999,869.4,High (> $500),1.1502185415228894,False
CAI,ASW,2026-05-05,Tuesday,Egyptair,,11:20 pm,"12:40 am
+1",nonstop,1h 20m,Economy Cabin,229.0,34.35,263.35,Medium ($200-500),3.7972280235428135,False
CAI,ASW,2026-05-05,Tuesday,Egyptair,,7:25 pm,8:45 pm,nonstop,1h 20m,Economy Cabin,238.0,35.699999999999996,273.7,Medium ($200-500),3.6536353671903545,False
ASW,CAI,2026-05-05,Tuesday,Egyptair,,3:45 pm,5:10 pm,nonstop,1h 25m,Economy Cabin,229.0,34.35,263.35,Medium ($200-500),3.7972280235428135,False
ASW,CAI,2026-05-05,Tuesday,Egyptair,,9:25 pm,10:45 pm,nonstop,1h 20m,Economy Cabin,238.0,35.699999999999996,273.7,Medium ($200-500),3.6536353671903545,False
CAI,HRG,2026-05-05,Tuesday,Air Cairo,,8:45 pm,10:15 pm,nonstop,1h 30m,Economy Cabin,104.0,15.6,119.6,Low (< $200),8.361204013377927,False
CAI,HRG,2026-05-05,Tuesday,Air Cairo,,8:50 pm,9:50 pm,nonstop,1h 00m,Economy Cabin,124.0,18.599999999999998,142.6,Low (< $200),7.012622720897616,False
CAI,HRG,2026-05-05,Tuesday,Egyptair,,8:50 pm,9:50 pm,nonstop,1h 00m,Economy Cabin,186.0,27.9,213.9,Medium ($200-500),4.675081813931744,False
CAI,HRG,2026-05-05,Tuesday,Air Cairo,,11:15 am,12:45 pm,nonstop,1h 30m,Economy Cabin,112.0,16.8,128.8,Low (< $200),7.763975155279502,False
HRG,CAI,2026-05-05,Tuesday,Air Cairo,,11:00 pm,"12:30 am
+1",nonstop,1h 30m,Economy Cabin,106.0,15.899999999999999,121.9,Low (< $200),8.203445447087777,False
HRG,CAI,2026-05-05,Tuesday,Air Cairo,,6:15 pm,7:45 pm,nonstop,1h 30m,Economy Cabin,118.0,17.7,135.7,Low (< $200),7.369196757553428,False
HRG,CAI,2026-05-05,Tuesday,Air Cairo,,10:30 pm,11:40 pm,nonstop,1h 10m,Economy Cabin,124.0,18.599999999999998,142.6,Low (< $200),7.012622720897616,False
HRG,CAI,2026-05-05,Tuesday,Egyptair,,10:30 pm,11:40 pm,nonstop,1h 10m,Economy Cabin,186.0,27.9,213.9,Medium ($200-500),4.675081813931744,False
